DROP TABLE IF EXISTS "user","animal", "periode","animal_periode","lieu","animal_lieu";

CREATE TABLE "user" (
    id INTEGER GENERATED BY DEFAULT AS IDENTITY PRIMARY KEY,
    first_name TEXT NOT NULL,
    last_name TEXT NOT NULL,
    email TEXT UNIQUE NOT NULL,
    password_hash VARCHAR(255) NOT NULL
);

CREATE TABLE "animal" (
    id INTEGER GENERATED BY DEFAULT AS IDENTITY PRIMARY KEY,
    nom TEXT NOT NULL,
    nom_scientifique TEXT NOT NULL,
    etymologie TEXT NOT NULL,
    espece TEXT NOT NULL,
    hauteur NUMERIC(5,1),
    longueur NUMERIC (5,1),
    poids NUMERIC(5,1),
    decouverte INT
    );

INSERT INTO "animal" ("id","nom","nom_scientifique","etymologie","espece","hauteur","longueur","poids","decouverte")
VALUES
(1,'Paralititan','Paralititan stromeri','Titan du littoral','Titanosauridé',9,25,50,2001),
(2,'Brachiosaure','Brachiosaurus altithorax','Lézard à bras','Brachiosauridé',12,26,50,1900),
(3,'Vouvria','Vouvria damparisensis','Vipère résidente du Damparis','Brachiosauridé',10,15,15,1934),
(4,'Venenosaure','Venenosaurus dicocei','Lézard poison de mr DiCroce','Brachiosauridé',8,10,0,1998),
(5,'Sonorasaure','Sonorasaurus thompsoni','Lézard de Sorona de mr Thompson','Brachiosauridé',10,15,40,1998),
(6,'Sauroposeidon','Sauroposeidon','Dieu des tremblements de terre','Brachiosauridé',17,30,60,1994),
(7,'Pelorosaure','Pelorosaurus conybeari','Lézard monstrueux','Brachiosauridé',0,24,0,1842),
(8,'Lusotitan','Lusotitan atalaisensis','Titan lusitanien','Brachiosauridé',11,21,0,1957),
(9,'Lapparentosaure','Lapparentosaurus madagascariensis','Lézard de mr Lapparent',' Brachiosauridé',0,16,0,1895),
(10,'Giraffatitan','Giraffatitan brancai','Titan girafe','Brachiosauridé',14,25,60,1988),
(11,'Abydosaure','Abydosaurus mxintoshi','Lézard d"abydos de mr Mc Intosh','Brachiosauridé',0,0,0,2001),
(12,'Europasaure','Eurpasaurus Holgeri','lézard Européen','Brachiosauridé',3,6,1,2006),
(13,'Duriatitan','Duriatitan Humerocristatus','Titan de Duria','Brachiosauridé',6,19,0,1874),
(14,'Daanosaure','Daanosaurus zhangi','Lézard de da"an','Brachiosauridé',0,0,0,2005),
(15,'Cedarosaure','Cedarosaurus weikopfae','lézard des montagnes du Cedar','Brachiosauridé',8,20,0,1999),
(16,'Astrodon','Astrodon johnstoni','Dent en étoile','brachiosauridé',9,18,20,1859),
(17,'Atlasaurus','Atlasaurus imelakei','grand reptile de l"Atlas','Brachiosauridé',0,15,22,1999),
(18,'Diplodocus','Diplodocus Longus','Double poutre','Diplodocidé',6,30,15,1878),
(19,'Apatosaure','Apatosaurus ajax','Lézard trompeur','Diplodocidé',8,23,22,1877),
(20,'Brontosaure','Brontosaurus excelsus','Lézard tonnerre','Diplodocidé',8,23,22,1877),
(21,'Argentinosaure','Argentinosaurus huinculensis','Lézard d"argentine','Titanosaure',12,30,80,1993),
(22,'Camarasaure','Camarasaurus supremus','Lézard à chambres','Autres',0,20,47,1877),
(23,'Cetiosaure','Cetiosaurus oxioniensis','Lézard baleine','Autres',0,16,11,1842),
(24,'Atlantosaure','Atlantosaurus montanus','lézard de l"altlantis','Diplodocidé',0,24,0,1877),
(25,'Kaatedocus','kaatedocus siberi','petit diplodocus','Diplodocidé',4,15,8,2012),
(26,'Torniera','torniera Africana','En hommage a mr Tornier','Diplodocidé',0,26,23,1908),
(27,'Supersaurus','Supersaurus vivianae','Super Lézard','Diplodocidé',0,33,33,1972),
(28,'Leinkupal','Leinkupal laticauda','Famille disparue à longue queue','Diplodocidé',0,9,0,2014),
(29,'Galeamopus','Galeamopus hayi','Qui a besoin d"un casque','Diplodocidé',0,27,0,1924),
(30,'barosaure','Barosaurus lentus','Lézard lourd','Diplodocidé',0,26,15,1890),
(31,'Dicraesaure','Dicraesaurus','Lézard bifurqué','Diplodocidé',0,14,6,1914),
(32,'Amargasaure','Amargasaurus cazaui','Lézard d"Amarga','Diplodocidé',4,12,3,1991),
(33,'Brachytrachelopan','brachytrachelopan mesai','trachée artère courte','Diplodocidé',3,10,0,2005),
(34,'Dystrophaeus','Dystrophaeus viaemalae','Articulation grossière','Diplodocidé',0,13,10,1877),
(35,'Suuwassea','Suuwassea emiliae',' Le premier tonnerre entendu au printemps','Diplodocidé',4,12,0,2004),
(36,'Dyslocosaure','Dyslocosaurus polyonychiusi','Lézard inclassable avec plusieurs griffes','Diplodocidé',0,18,6,1992),
(37,'Demandasaure','Demandasaurus darwini','Lézard de demanda','rebbachisauridé',0,10,0,2011),
(38,'Nigersaure','Nigersaurus taqueti','Lézard du niger de mr Taquet','rebbachisauridé',0,9,4,1999),
(39,'Jobaria','jobaria tiguidensis','non renseignée','rebbachisauridé',0,17,19,1997),
(40,'Antarctosaure','Antarctosaurus wichmannianus','Lézard du sud','Titanosaurie',0,0,0,1929),
(41,'Limaysaure','Limaysaurus tessonei','Lézard de Limay','rebbachisauridé',0,15,7,1995),
(42,'tataouinea','Tataouinea hannibalis','Référence a la province de tataouine et à Hannibal','rebbachisauridé',3,14,0,2013),
(43,'Katepensaure','Katepensaurus goicoecheai','Lézard troué','rebbachisauridé',0,0,0,2013),
(44,'Zapalasaure','Zapalasaurus bonapartei','Lézard de zapala de mr Bonaparte','rebbachisauridé',0,0,0,2006),
(45,'Comahuesaure','Comahuesaurus windhauseni','Lézard de comahue','rebbachisauridé',0,0,0,2012),
(46,'Histriasaure','Histriasaurus boscarollii','Lézard d"istrie','rebbachisauridé',0,0,0,1998),
(47,'Amazonsaure','Amazonsaurus maranhensis','Lézard de l"Amazone','rebbachisauridé',0,12,5,2003),
(48,'Haplocanthosaure','Haplocanthosaurus priscus','Simple lézard à épines','Diplodocidé',0,15,13,1903),
(49,'Saltasaure','Saltasaurus loricatus','Lézard de Salta','titanosaure',0,7,3,1980),
(50,'Andéosaure','Andeosaurus delgadoi','Lézard des Andes','Titanosaure',0,16,8,1991),
(51,'Choconsaure','Choconsaurus baileywillisi','Lézard de Chocon','Titanosaure',0,0,0,2017),
(52,'Baotianmansaure','Baotianmansaurus henanensis','Non renseignée','Titanosaure',0,0,0,2009),
(53,'Daxiatitan','Daxiatitan binlingi','Non renseignée','Titanosaure',0,25,23,2008),
(54,'Diamantinasaure','Diamantinasaurus matildae','Lézard de Diamantina','Titanosaure',0,16,25,2009),
(55,'Dongyangosaure','Dongyangosaurus sinensis','Lézard du Dongyang','Titanosaure',5,15,0,2008),
(56,'Malarguesaure','Malarguesaurus florenciae','lézard de Malargue','Titanosaure',0,0,0,2008),
(57,'Normanniasaure','Normanniasaurus genceyi','non renseignée','Titanosaure',0,0,0,2013),
(58,'Savannasaure','Savannasaurus elliotrum','Lézard de savanne','Titanosaure',3,15,20,2016),
(59,'Ruyangosaure','Ruyangosaurus giganteus','Lézard du comté de ruyang','Titanosaure',0,30,50,2009),
(60,'Gobititan','Gobititan shenzhouensis','Titan du Gobi','Titanosaure',0,20,20,2003),
(61,'Ligabuesaure','Ligabuesaurus leanzai','Lézard de mr Ligabue','Titanosaure',0,24,0,2006),
(62,'Wintonotitan','wintonotitan wattsi',' titan de Winton','Titanosaure',0,0,0,2009),
(63,'Triunfosaure','Triunfosaurus leonardii','lézard du bassin de Triunofo','Titanosaure',0,0,0,2017),
(64,'Jainosaure','Jainosaurus septentrionalis','Lézard de mr Jain','Titanosaure',0,0,0,1933),
(65,'Austrosaure','Austrosaurus mckillopi','Lézard du sud de mr mcKillop','Titanosaure',0,0,0,1933),
(66,'Borealosaure','Borealosaurus wimani','Lézard du sud','Titanosaure',0,0,0,2004),
(67,'Atacamatitan','Atacamatitan','Titan du desert d"Acatama','Titanosaure',0,0,13,2011),
(68,'Barrosasaure','Barrosasorus casamiquelai','Lézard de Sierra barrosa','Titanosaure',0,18,14,2009),
(69,'Xianshanosaure','Xianshanosaurus shijiagouensis','Lézard de la montagne de Xian','Titanosaure',0,0,0,2009),
(70,'Vahiny','Vahiny depereti','voyageur','Titanosaure',0,0,0,2014),
(71,'Aegyptosaure','Aegyptosaurus baharijensis','Lézard Egyptien','Titanosaure',0,0,0,1932),
(72,'Adamantinosaure','Adamantinosaurus mezzalirai','Lézard de la formation d"Adamantine','Titanosaure',0,15,15,2006),
(73,'Qingxiusaure','Qingxiusaurus youjiangensis','Lézard qingxiu un paysage pittoresque de montagnes de d"eau dans le Guangxi','Titanosaure',0,0,0,2008),
(74,'Sonidosaure','Sonidosaurus saihangaobiensis','Lézard de Sonid','Titanosaure',0,9,0,2006),
(75,'Magyarosaure','Magyarosaurus dacus','Lézard magyar','Titanosaure',2,6,1,1915),
(76,'Laplatasaure','Laplatasaurus araukanicus','Lézard de la Plata','Titanosaure',0,18,0,1929),
(77,'Karongasaure','Karongasaurus gitelmani','non renseigné','Titanosaure',0,0,0,2005);




CREATE TABLE "periode" (
    id INTEGER GENERATED BY DEFAULT AS IDENTITY PRIMARY KEY,
    ere TEXT,
    sous_periode TEXT,
    dates TEXT
);

INSERT INTO "periode" ("id","ere","sous_periode","dates")
VALUES
(1,'TRIAS INFERIEUR','Indusien','252 à 251 millions années AC'),
(2,'TRIAS INFERIEUR','Olénékien','251 à 247 millions années AC'),
(3,'TRIAS MOYEN','Anisien','247 à 242 millions années AC'),
(4,'TRIAS MOYEN','Ladinien','242 à 235 millions années AC'),
(5,'TRIAS SUPERIEUR','Carnien','235 à 228 millions années AC'),
(6,'TRIAS SUPERIEUR','Norien','228 à 208 millions années AC'),
(7,'TRIAS SUPERIEUR','Rhétien','208 à 201 millions années AC'),
(8,'JURASSIQUE Inférieur','Hettangien','201 à 199.3 millions années AC'),
(9,'JURASSIQUE Inférieur','Sinemurien','199.3 à à 190.8 millions années AC'),
(10,'JURASSIQUE Inférieur','Plensbachien','190.8 à 182.7 millions années AC'),
(11,'JURASSIQUE Inférieur','Toarcien','182.7 à 174.1 millions années AC'),
(12,'JURASSIQUE Moyen','Aalénien','174.1 à 170.3 millions années AC'),
(13,'JURASSIQUE Moyen','Bajocien','170.3 à 168.3 millions années AC'),
(14,'JURASSIQUE Moyen','Bathonien','168.3 à 166.1 millions années AC'),
(15,'JURASSIQUE Moyen','Callovien','166.1 à 163.5 millions années AC'),
(16,'JURASSIQUE Supérieur','oxfordien','163.5 à 157.3 millions années AC'),
(17,'JURASSIQUE Supérieur','Kimmérigien','157.3 à 152.1 millions années AC'),
(18,'JURASSIQUE Supérieur','Tithonien','152.1 à 145.0 millions années AC'),
(19,'Crétacé Inférieur','Berriasien','145,0 à 139.8 millions années AC'),
(20,'Crétacé Inférieur','valanginien','139.8 à 132.9 millions années AC'),
(21,'Crétacé Inférieur','Hauterivien','132.9 à 129.4 millions années AC'),
(22,'Crétacé Inférieur','Barémien','129.4 à 125 millions années AC'),
(23,'Crétacé Inférieur','Aptien','125 à 113 millions années AC'),
(24,'Crétacé Inférieur','Albien','113 à 100.5 millions années AC'),
(25,'Crétacé Supérieur','Cénomanien','100.5 à 93.9 millions années AC'),
(26,'Crétacé Supérieur','Turonien','93.9 à 89.8 millions années AC'),
(27,'Crétacé Supérieur','Coniacien','89.8 à 86.3 millions années AC'),
(28,'Crétacé Supérieur','Santonien','86.3 à 83.6 millions années AC'),
(29,'Crétacé Supérieur','Campanien','83.6 à 72 millions années AC'),
(30,'Crétacé Supérieur','Maastrichtien','72 à 66 millions années AC'),
(31,'Avant le Trias','Avant le Trias','Au delà de 252 Millions années AC');

CREATE TABLE "animal_periode" (
    "animal_id" INTEGER,
    FOREIGN KEY ("animal_id") REFERENCES "animal"("id"),
    "periode_id" INTEGER,
    FOREIGN KEY ("periode_id") REFERENCES "periode"("id")
    );

INSERT INTO "animal_periode" ("animal_id","periode_id")
VALUES
(1,25),(2,17),(2,18),(3,16),(4,24),(5,24),(6,23),(6,24),(7,19),
(7,20),(7,21),(7,22),(8,18),(9,14),(9,15),(10,18),(11,24),
(12,17),(13,18),(14,16),(14,17),(14,18),(15,20),(16,24),(17,14),
(17,15),(18,17),(19,17),(19,18),(20,18),(21,25),(21,26),(22,17),
(22,18),(23,13),(24,18),(25,18),(26,18),(27,17),(27,18),(28,19),
(28,20),(29,17),(30,18),(31,18),(32,21),(33,18),(34,16),(34,17),
(35,18),(36,19),(37,23),(38,23),(38,24),(39,14),(39,15),(39,16),
(40,29),(41,25),(42,24),(43,25),(44,21),(44,22),(44,23),(45,23),
(45,24),(46,20),(46,21),(46,22),(47,23),(47,24),(48,17),(48,18),
(49,30),(50,25),(51,25),(52,25),(52,26),(53,23),(54,25),(55,26),
(55,27),(56,26),(56,27),(57,24),(58,24),(58,25),(59,23),(59,24),
(60,23),(61,24),(62,25),(63,19),(63,20),(63,21),(64,30),(65,24),
(66,25),(66,26),(67,25),(67,26),(67,27),(67,28),(67,29),(67,30),
(68,25),(68,26),(68,27),(68,28),(68,29),(68,30),(69,19),(69,20),
(69,21),(69,22),(69,23),(69,24),(70,30),(71,25),(72,29),(73,30),
(74,25),(74,26),(72,27),(72,28),(72,29),(73,30),(74,29),(75,29),
(75,30),(76,23),(76,24),(76,25),(77,29);


CREATE TABLE "lieu"(
    id INTEGER GENERATED BY DEFAULT AS IDENTITY PRIMARY KEY,
    continent TEXT,
    endroit TEXT
    );

INSERT INTO "lieu" ("id","continent","endroit")
VALUES
(1,'Amérique du Nord','USA : Utah'),
(2,'Amérique du Nord','USA : Colorado'),
(3,'Amérique du Nord','USA : Maryland'),
(4,'Amérique du Nord','USA : Oklahoma'),
(5,'Amérique du Nord','USA : Montana'),
(6,'Amérique du Nord','USA : Wyoming'),
(7,'Amérique du Sud','Argentine'),
(8,'Amérique du Sud','Chili'),
(9,'Amérique du Sud','Brésil'),
(10,'Europe','Portugal'),
(11,'Europe','Croatie'),
(12,'Europe','France'),
(13,'Europe','Angleterre'),
(14,'Europe','Roumanie'),
(15,'Europe','Espagne'),
(16,'Europe','Allemagne'),
(17,'Europe','Suisse'),
(18,'Afrique','Egypte'),
(19,'Afrique','Niger'),
(20,'Afrique','Madagascar'),
(21,'Afrique','Tunisie'),
(22,'Afrique','Tanzanie'),
(23,'Afrique','Maroc'),
(24,'Asie','Chine : Henan'),
(25,'Asie','Chine : Jilin'),
(26,'Asie','Chine : Gansu'),
(27,'Asie','Chine : Zhejiang'),
(28,'Asie','Mongolie'),
(29,'Asie','Inde'),
(30,'Asie','Chine'),
(31,'Océanie','Australie'),
(32,'Amérique du Nord','USA');




CREATE TABLE "animal_lieu" (
    "animal_id" INTEGER NOT NULL,
    FOREIGN KEY ("animal_id") REFERENCES "animal"("id"),
    "lieu_id" INTEGER NOT NULL,
    FOREIGN KEY ("lieu_id") REFERENCES "lieu"("id")
    );

INSERT INTO "animal_lieu" ("animal_id","lieu_id")
VALUES
(1,18),(2,2),(2,6),(2,1),(3,12),(4,1),(5,1),(6,4),(7,13),
(7,10),(8,10),(9,20),(10,22),(11,1),(12,16),(13,13),(14,30),(15,1),
(16,4),(16,3),
(17,23),(18,31),(19,31),(20,31),(21,7),(22,31),(23,12),(23,13),(23,17),
(23,23),(24,2),(25,6),(26,22),(27,2),(27,10),
(28,7),(29,6),(30,6),
(31,22),(32,7),
(33,7),(34,1),(35,5),(36,6),(37,15),(38,19),
(39,19),(40,7),(41,7),
(42,21),(43,7),(44,7),(45,7),(46,11),(47,9),
(48,2),(49,7),(50,7),
(51,7),(52,24),
(53,26),(54,31),(55,27),(56,7),(57,12),(58,31),
(59,24),(60,28),(61,7),
(62,31),(63,9),(64,29),(64,30),(65,31),(66,30),
(67,8),(68,7),(69,24),
(70,20),(71,19),
(71,18),(72,9),(73,30),(74,28),(75,14),(76,7),
(77,7);


